{
  "arch": "efficientnet_b0",
  "best_val_acc": 0.64,
  "best_val_loss": 1.0481737564456077,
  "best_selection_score": 0.6585912518853696,
  "train_size": 3105,
  "val_size": 775,
  "classes": [
    "meets_standard",
    "needs_work",
    "shouldnt_work"
  ],
  "unsafe_recall": 0.6968325791855203,
  "review_recall": 0.5555555555555556,
  "confusion_matrix": [
    [
      202,
      30,
      70
    ],
    [
      66,
      140,
      46
    ],
    [
      39,
      28,
      154
    ]
  ],
  "per_class_accuracy": {
    "meets_standard": 0.6688741721854304,
    "needs_work": 0.5555555555555556,
    "shouldnt_work": 0.6968325791855203
  }
}